db,arm,opp,act_found,all_c,cpr,cpr_n,cpr_opp,cpr_own,cpr_rnd,defect_ep,defect_ep_sd,defect_turn,distinct_traj,donor_degen,donor_n,echo_n,ep_regret,ep_regret_n,gap,mass_c,mass_d,mass_mean,mass_min,n_ep,n_turns,off_task,optimal_match,pad_avg,pad_max,pad_mean,pad_min,pad_n,prompt_tok,scaf_max,scaf_mean,scaf_min,se_ep,turn_regret
exp2_llama,1,allc,,0.015625,0.2,8000,0.998875,0.2,1.0,0.30675,0.2376474542257922,0.30675,1207,,,0,27.73,1600,0.5484863500324715,0.6939165444178217,0.30504843401124915,0.9989649784290708,0.9965295291955102,1600,32000,0.0,0.30675,,,,,,256.75,,,,0.005941186355644805,
exp2_llama,1,tft,,0.011875,0.2,8000,0.979625,0.2,1.0,0.322375,0.2388827837559668,0.322375,1241,,,0,10.316875,1600,0.5275126542499582,0.6787956982831295,0.32022210116975586,0.9990177994528854,0.996503536387598,1600,32000,0.0,0.6771875,,,,,,256.75,,,,0.00597206959389917,
exp2_llama,3,allc,,0.2875,1.0,8000,1.0,1.0,1.0,0.07971875,0.09380622792990613,0.07971875,450,,,0,36.81125,1600,0.8392207901817823,0.9190261296052858,0.08067533977733932,0.9997014693826252,0.9990753509980186,1600,32000,0.0,0.07971875,,,2.05,,,290.75,34,34.0,34,0.002345155698247653,
exp2_llama,3,tft,,0.28875,1.0,8000,1.0,1.0,1.0,0.10446875,0.1328545925944508,0.10446875,559,,,0,4.220625,1600,0.8049839355940869,0.8967773969721753,0.10291436303383582,0.9996917600060111,0.9991853053878715,1600,32000,0.0,0.86115625,,,2.05,,,290.75,34,34.0,34,0.00332136481486127,
exp2_llama,3b,allc,,0.3225,0.2,8000,1.0,0.2,1.0,0.09134375,0.1313454675119682,0.09134375,464,,,0,36.34625,1600,0.8258934580814556,0.9060165959025325,0.09336793020434135,0.9993845261068739,0.9980005734530436,1600,32000,0.0,0.09134375,,,5.0,,,290.75,34,34.0,34,0.003283636687799205,
exp2_llama,3b,tft,,0.304375,0.2,8000,0.990875,0.2,1.0,0.10956250000000001,0.1556211219396326,0.1095625,529,,,0,4.36625,1600,0.8014164714518951,0.888394154688006,0.11098314161093259,0.9993772962989386,0.9984714648917352,1600,32000,0.0,0.8578125,,,5.0,,,290.75,34,34.0,34,0.003890528048490815,
exp2_llama,3c,allc,,0.22125,0.2,8000,1.0,0.2,1.0,0.09065625000000001,0.09234043987299118,0.09065625,544,,,0,36.37375,1600,0.8146273006992465,0.9066500015707407,0.09303211393646699,0.9996821155072078,0.9990875238733938,1600,32000,0.0,0.09065625,,,2.05,,,290.75,34,34.0,34,0.0023085109968247796,
exp2_llama,3c,tft,,0.1875,0.2225,8000,0.824125,0.242,1.0,0.1221875,0.12768942729823016,0.1221875,683,,,0,4.60375,1600,0.7568001670794521,0.8747800289052303,0.12487335193499126,0.9996533808402215,0.999160909583326,1600,32000,0.0,0.842875,,,2.05,,,290.75,34,34.0,34,0.003192235682455754,
exp2_llama,3d,allc,,0.076875,0.0,8000,0.8,0.2,0.999875,0.19743750000000002,0.17972112728822395,0.1974375,962,,,0,32.1025,1600,0.6277925024337139,0.7990200825970313,0.19965883990298433,0.9986789225000156,0.9967279644852708,1600,32000,0.0,0.1974375,,,7.0,,,290.75,34,34.0,34,0.004493028182205599,
exp2_llama,3d,tft,,0.071875,0.0,8000,0.776,0.2,1.0,0.2378125,0.20321992974053998,0.2378125,1079,,,0,7.643125,1600,0.5803795207851918,0.7584136491327769,0.240228649324631,0.9986422984574078,0.9967279644852708,1600,32000,0.0,0.7475625,,,7.0,,,290.75,34,34.0,34,0.005080498243513499,
exp2_llama_labelswap,1,allc,,0.000625,0.2,8000,0.2,0.2,1.0,0.21484375,0.11162146113511281,0.21484375,736,,,0,31.40625,1600,0.7182410787820973,0.7873690426554528,0.21185905555775175,0.9992280982132046,0.9974233045915883,1600,32000,0.0,0.21484375,,,,,,256.75,,,,0.0027905365283778204,
exp2_llama_labelswap,1,tft,,0.000625,0.2,8000,0.247625,0.2,1.0,0.51840625,0.3126304087272022,0.51840625,1152,,,0,18.034375,1600,0.5607843252622378,0.48507276010214395,0.5140234192519507,0.9990961793540947,0.9973397782870562,1600,32000,0.0,0.47259375,,,,,,256.75,,,,0.007815760218180055,
exp2_llama_labelswap,3b,allc,,0.000625,0.2,8000,0.2,0.2,1.0,0.34334375,0.18396095193257048,0.34334375,1174,,,0,26.26625,1600,0.5561423387751336,0.6564129652141579,0.3428337136286237,0.9992466788427815,0.9978407155620241,1600,32000,0.0,0.34334375,,,5.0,,,290.75,34,34.0,34,0.004599023798314262,
exp2_llama_labelswap,3b,tft,,0.0,0.2,8000,0.214875,0.2,1.0,0.74575,0.2964910411799992,0.74575,781,,,0,27.006875,1600,0.7067887482803908,0.2518461856630929,0.7475865317996268,0.9994327174627197,0.9984813271253417,1600,32000,0.0,0.27175,,,5.0,,,290.75,34,34.0,34,0.0074122760294999795,
exp2_qwen,1,allc,,0.95,0.4,8000,1.0,0.4,1.0,0.008812500000000001,0.04870667145012067,0.0088125,42,,,0,39.6475,1600,0.989755839332538,0.9910800724099138,0.00891329928925665,0.9999933716991705,0.9999818296159364,1600,32000,0.0,0.0088125,,,,,,260.5,,,,0.0012176667862530167,
exp2_qwen,1,tft,,0.943125,0.399875,8000,0.99925,0.399875,1.0,0.0103125,0.05448534063167817,0.0103125,41,,,0,2.170625,1600,0.9901271246497011,0.9898848053942017,0.010108571447434088,0.9999933768416357,0.9999794355916231,1600,32000,0.0,0.9446875,,,,,,260.5,,,,0.0013621335157919543,
exp2_qwen,3,allc,,0.445,1.0,8000,1.0,1.0,1.0,0.04934375,0.06634102679290922,0.04934375,144,,,0,38.02625,1600,0.905306888312169,0.9507571153598043,0.049236970101247904,0.9999940854610523,0.9999814110906493,1600,32000,0.0,0.04934375,,,4.95103125,,,299.5,39,39.0,39,0.0016585256698227306,
exp2_qwen,3,tft,,0.446875,1.0,8000,1.0,1.0,1.0,0.0650625,0.08465737471567376,0.0650625,170,,,0,2.56,1600,0.8958556458296187,0.933977235484192,0.06601654608895646,0.9999937815731484,0.9999605945989605,1600,32000,0.0,0.9205,,,4.95025,,,299.5,39,39.0,39,0.002116434367891844,
exp2_qwen,3b,allc,,0.41,0.399875,8000,1.0,0.399875,1.0,0.06146875,0.11486962293590722,0.06146875,78,,,0,37.54125,1600,0.9389381560628504,0.9378256674734501,0.06216923202457308,0.9999948994980232,0.9999865822794923,1600,32000,0.0,0.06146875,,,10.0,,,299.5,39,39.0,39,0.0028717405733976803,
exp2_qwen,3b,tft,,0.390625,0.4,8000,0.994625,0.4,1.0,0.06790625,0.12370450157911594,0.06790625,71,,,0,2.275625,1600,0.9425151214276396,0.932526323381531,0.06746855093638089,0.9999948743179118,0.9999833919267432,1600,32000,0.0,0.94146875,,,10.0,,,299.5,39,39.0,39,0.0030926125394778988,
exp2_qwen,3c,allc,,0.58625,0.200125,8000,1.0,0.200125,1.0,0.047968750000000004,0.07776526553312539,0.04796875,171,,,0,38.08125,1600,0.9131607332746173,0.9527792017516508,0.047214869594078404,0.9999940713457293,0.9999779301849978,1600,32000,0.0,0.04796875,,,4.98328125,,,299.5,39,39.0,39,0.0019441316383281347,
exp2_qwen,3c,tft,,0.0,0.23025,8000,0.946,0.23375,1.0,0.30571875,0.11308230806999608,0.30571875,1372,,,0,8.80375,1600,0.5762260110351332,0.6940975257038193,0.3058928624915124,0.9999903881953317,0.9999531530860282,1600,32000,0.0,0.69634375,,,4.99821875,,,299.5,39,39.0,39,0.002827057701749902,
exp2_qwen,3d,allc,,0.831875,0.4,8000,1.0,0.4,1.0,0.03434375,0.1078636608684199,0.03434375,84,,,0,38.62625,1600,0.9736904899285755,0.9658925143917553,0.034101033862500366,0.9999935482542558,0.9999819118735742,1600,32000,0.0,0.03434375,,,12.0,,,299.5,39,39.0,39,0.0026965915217104976,
exp2_qwen,3d,tft,,0.840625,0.3995,8000,0.99575,0.3995,1.0,0.03659375,0.11716691069127623,0.03659375,71,,,0,2.825,1600,0.9771412917618888,0.9632969242341183,0.03669664757316178,0.99999357180728,0.9999847221982383,1600,32000,0.0,0.92765625,,,12.0,,,299.5,39,39.0,39,0.002929172767281906,
exp2_qwen_labelswap,1,allc,,0.0,0.2,8000,0.2,0.2,1.0,0.13293750000000001,0.056949504771771284,0.1329375,325,,,0,34.6825,1600,0.8340730238088859,0.8663957146214005,0.1335957902589056,0.9999915048803063,0.9999766129028829,1600,32000,0.0,0.1329375,,,,,,260.5,,,,0.001423737619294282,
exp2_qwen_labelswap,1,tft,,0.0,0.2,8000,0.23075,0.2,1.0,0.07300000000000001,0.049330517937682346,0.073,79,,,0,3.3325,1600,0.9556707495354553,0.926021498615657,0.07397096437900168,0.9999924629946587,0.9999766129028829,1600,32000,0.0,0.886875,,,,,,260.5,,,,0.0012332629484420586,
exp2_qwen_labelswap,3b,allc,,0.0,0.2,8000,0.2,0.2,1.0,0.27496875,0.08459461580643002,0.27496875,873,,,0,29.00125,1600,0.6814494487310171,0.7266829756716038,0.27330824856488856,0.9999912242364923,0.9999811133112928,1600,32000,0.0,0.27496875,,,10.0,,,299.5,39,39.0,39,0.0021148653951607505,
exp2_qwen_labelswap,3b,tft,,0.0,0.2,8000,0.215375,0.2,1.0,0.96946875,0.12641956048585795,0.96946875,105,,,0,36.840625,1600,0.9702638345686327,0.030860782015906238,0.9691351466292256,0.9999959286451318,0.9999814221954725,1600,32000,0.0,0.07309375,,,10.0,,,299.5,39,39.0,39,0.0031604890121464486,
exp3_llama_abs,1,allc,,0.0,0.2488,10000,1.0,0.2488,1.0,0.70675,0.146805781561899,0.70675,1570,,0,0,11.73,2000,0.4944666806973907,0.285842011253383,0.6887196577075281,0.9745616689609111,0.9042459482656852,2000,40000,0.0,0.70675,,,,,,208.75,,,,0.0032826770706239137,
exp3_llama_abs,1,tft,,0.0,0.2453,10000,0.9537,0.2453,1.0,0.7423,0.17050868013095402,0.7423,1427,,0,0,26.3535,2000,0.5489536230004449,0.24523701856442184,0.7116417479125129,0.9568787664769348,0.7413752806622302,2000,40000,0.0,0.28485,,,,,,208.75,,,,0.003812689995265809,
exp3_llama_abs,3,allc,,0.0,1.0,10000,1.0,1.0,1.0,0.7162,0.12132625437225036,0.7162,1820,,0,0,11.352,2000,0.4360962740441081,0.28145470459564825,0.7131321754524074,0.9945868800480557,0.9790035107263364,2000,40000,0.0,0.7162,,,3.0,,,242.75,34,34.0,34,0.0027129375223178286,
exp3_llama_abs,3,tft,,0.0,0.9996,10000,0.9996,1.0,1.0,0.5987,0.11682598169927783,0.5987,1988,,0,0,19.3285,2000,0.26836821376916603,0.4020400479026609,0.5885772531048478,0.9906173010075087,0.9404552043057335,2000,40000,0.0,0.40995,,,3.0,,,242.75,34,34.0,34,0.002612308366177316,
exp3_llama_abs,3b,allc,,0.0,0.2,10000,1.0,0.2,1.0,0.7134,0.15939084038927706,0.7134,1584,,0,0,11.464,2000,0.46836305227864033,0.2650553876451066,0.6624291751546676,0.9274845627997742,0.715098843781629,2000,40000,0.0,0.7134,,,5.0,,,242.75,34,34.0,34,0.0035640875410124255,
exp3_llama_abs,3b,tft,,0.0,0.2,10000,0.9753,0.2,1.0,0.7715,0.16434795404871944,0.7715,1344,,0,0,27.654,2000,0.5288411006054973,0.20153497308283758,0.6822965957205255,0.8838315688033632,0.34018084478108257,2000,40000,0.0,0.2559,,,5.0,,,242.75,34,34.0,34,0.003674931972159484,
exp3_llama_abs,3c,allc,,0.0,0.2,10000,1.0,0.2,1.0,0.716525,0.12442135819464438,0.716525,1818,0.05,40000,0,11.339,2000,0.4370675089740457,0.2810527560868956,0.7135786819961312,0.9946314380830268,0.9784549911094418,2000,40000,0.0,0.716525,,,3.0,,,242.75,34,34.0,34,0.0027821461477607534,
exp3_llama_abs,3c,tft,,0.0,0.2328,10000,0.8083,0.248,1.0,0.57795,0.1505117852528499,0.57795,1988,0.05,40000,0,18.808,2000,0.28983052417800315,0.41819915824373327,0.5724963592649974,0.9906955175087307,0.9360802154293482,2000,40000,0.0,0.426,,,3.0,,,242.75,34,34.0,34,0.003365545832402227,
exp3_llama_abs,3d,allc,,0.0,0.0,10000,0.8,0.2,1.0,0.59805,0.1625075305947389,0.59805,1924,,0,0,16.078,2000,0.2807629006629051,0.37883133015008896,0.577628102842186,0.9564594329922751,0.8750263374106072,2000,40000,0.0,0.59805,,,7.0,,,242.75,34,34.0,34,0.00363377885265463,
exp3_llama_abs,3d,tft,,0.0,0.0,10000,0.6756,0.2,1.0,0.650775,0.1680272280762853,0.650775,1871,,0,0,22.307,2000,0.3297528655940132,0.32137210222977064,0.6036264335944774,0.9249985358242482,0.6654889311154994,2000,40000,0.0,0.358025,,,7.0,,,242.75,34,34.0,34,0.0037572030404943516,
exp3_llama_sem,1,allc,,0.018,0.2,10000,0.9967,0.2,1.0,0.27915,0.22335571964917308,0.27915,1410,,0,0,28.834,2000,0.558463921986169,0.718181982039687,0.2807966718294553,0.9989786538691422,0.9967755375684572,2000,40000,0.0,0.27915,,,,,,256.75,,,,0.004994385722989365,
exp3_llama_sem,1,tft,,0.017,0.2,10000,0.9816,0.2,1.0,0.312625,0.23828944453122552,0.312625,1500,,0,0,10.022,2000,0.5335277434119632,0.6847244941040551,0.31429754774323576,0.9990220418472909,0.9967448812226318,2000,40000,0.0,0.684625,,,,,,256.75,,,,0.005328313962924857,
exp3_llama_sem,3,allc,,0.296,1.0,10000,1.0,1.0,1.0,0.085,0.10380269746013347,0.085,581,,0,0,36.6,2000,0.8342627238487652,0.9159098449297748,0.08379709248557142,0.9997069374153461,0.9989283101779647,2000,40000,0.0,0.085,,,2.05,,,290.75,34,34.0,34,0.002321098877687032,
exp3_llama_sem,3,tft,,0.292,1.0,10000,1.0,1.0,1.0,0.09985000000000001,0.12187074095122258,0.09985,649,,0,0,4.0415,2000,0.8078678343610646,0.9003642121413106,0.0993329841369407,0.9996971962782513,0.9991774271234435,2000,40000,0.0,0.866,,,2.05,,,290.75,34,34.0,34,0.0027251126123520107,
exp3_llama_sem,3b,allc,,0.2775,0.2,10000,1.0,0.2,1.0,0.098525,0.1384343684747397,0.098525,601,,0,0,36.059,2000,0.8192342826536991,0.9014238578637007,0.09794058115245234,0.9993644390161529,0.9980500923802984,2000,40000,0.0,0.098525,,,5.0,,,290.75,34,34.0,34,0.003095486583317718,
exp3_llama_sem,3b,tft,,0.2845,0.2,10000,0.9888,0.2,1.0,0.12052500000000001,0.16824082255802247,0.120525,690,,0,0,4.592,2000,0.7873608884101202,0.8782777506326395,0.12107406199160371,0.999351812624243,0.9984598261504518,2000,40000,0.0,0.850325,,,5.0,,,290.75,34,34.0,34,0.003761979158302183,
exp3_llama_sem,3c,allc,,0.2145,0.2,10000,1.0,0.2,1.0,0.09725,0.1056524372648355,0.09725,661,0.05,40000,0,36.11,2000,0.8100346035401973,0.9037702801486941,0.09591299307758415,0.9996832732262781,0.9989755823454888,2000,40000,0.0,0.09725,,,2.05,,,290.75,34,34.0,34,0.002362460317127041,
exp3_llama_sem,3c,tft,,0.1685,0.2199,10000,0.8239,0.2434,1.0,0.1242,0.12925501924490204,0.1242,833,0.05,40000,0,4.6115,2000,0.7593236356790888,0.8755479985759895,0.12410862238706266,0.9996566209630522,0.9990924801361325,2000,40000,0.0,0.8436,,,2.05,,,290.75,34,34.0,34,0.002890230094646445,
exp3_llama_sem,3d,allc,,0.081,0.0,10000,0.8,0.2,0.9999,0.198375,0.1840138836474031,0.198375,1182,,0,0,32.065,2000,0.6349270102747577,0.8010711740541151,0.1976313691506009,0.998702543204716,0.9969612220040096,2000,40000,0.0,0.198375,,,7.0,,,290.75,34,34.0,34,0.004114675526393302,
exp3_llama_sem,3d,tft,,0.089,0.0,10000,0.7707,0.2,0.9999,0.24895,0.21906938969194215,0.24895,1324,,0,0,8.116,2000,0.5753923966390768,0.7484218952573396,0.25024707622344095,0.9986689714807804,0.9970475326915914,2000,40000,0.0,0.7355,,,7.0,,,290.75,34,34.0,34,0.004898540471405743,
exp3_llama_swap,1,allc,,0.0005,0.2,10000,0.2,0.2,1.0,0.21175,0.11223607931498676,0.21175,815,,0,0,31.53,2000,0.7186368352941327,0.7860248556592184,0.2131988442091329,0.9992236998683512,0.9973789082955659,2000,40000,0.0,0.21175,,,,,,256.75,,,,0.002509675028763684,
exp3_llama_swap,1,tft,,0.0,0.2,10000,0.2484,0.2,1.0,0.4969,0.31876776813222507,0.4969,1355,,0,0,17.3645,2000,0.5708898652611678,0.5042015523778479,0.4948885237389403,0.9990900761167882,0.9973937954610164,2000,40000,0.0,0.49095,,,,,,256.75,,,,0.007127863985795464,
exp3_llama_swap,3,allc,,0.0,0.2,10000,0.2,1.0,1.0,0.401,0.2079519175194112,0.401,1578,,0,0,23.96,2000,0.5023664960864238,0.6001265214016946,0.3994281141076821,0.9995546355093767,0.9992162249094143,2000,40000,0.0,0.401,,,2.05,,,290.75,34,34.0,34,0.0046499462362483285,
exp3_llama_swap,3,tft,,0.0005,0.2,10000,0.2,1.0,1.0,0.772325,0.26695569740127295,0.772325,996,,0,0,27.919,2000,0.7006517610373529,0.22716787601720326,0.7724887103894001,0.9996565864066033,0.9992606336345305,2000,40000,0.0,0.249625,,,2.05,,,290.75,34,34.0,34,0.005969310863701102,
exp3_llama_swap,3b,allc,,0.0005,0.2,10000,0.2,0.2,1.0,0.334025,0.18031513906214308,0.334025,1381,,0,0,26.639,2000,0.5648394813436151,0.6647386988974373,0.3345087443252838,0.9992474432227211,0.9978721788310505,2000,40000,0.0,0.334025,,,5.0,,,290.75,34,34.0,34,0.004031969083152796,
exp3_llama_swap,3b,tft,,0.0005,0.2,10000,0.2145,0.2,1.0,0.739125,0.2983043485687059,0.739125,971,,0,0,26.7035,2000,0.6927293917683774,0.26484848786335924,0.7345746875877425,0.9994231754511016,0.9984615902280023,2000,40000,0.0,0.277775,,,5.0,,,290.75,34,34.0,34,0.006670288013834185,
exp3_llama_swap,3c,allc,,0.0005,0.2,10000,0.2,0.2,1.0,0.378975,0.19837262758505772,0.378975,1549,0.05,40000,0,24.841,2000,0.510129554306104,0.6212411147451601,0.3783072371885281,0.9995483519336882,0.9991925063459897,2000,40000,0.0,0.378975,,,2.05,,,290.75,34,34.0,34,0.00443574680155439,
exp3_llama_swap,3c,tft,,0.0,0.208,10000,0.4869,0.2152,1.0,0.75225,0.27434000346285625,0.75225,1048,0.05,40000,0,27.0745,2000,0.6814005845104648,0.2475627423879058,0.7520731041195315,0.9996358465074374,0.999189360392229,2000,40000,0.0,0.26665,,,2.05,,,290.75,34,34.0,34,0.006134428966904743,
exp3_llama_swap,3d,allc,,0.0005,0.0,10000,0.0,0.2,1.0,0.284175,0.16768517935405025,0.284175,1294,,0,0,28.633,2000,0.5752331061323662,0.7149293540996321,0.28403477046714326,0.9989641245667753,0.9964543437390803,2000,40000,0.0,0.284175,,,7.0,,,290.75,34,34.0,34,0.0037495545985490064,
exp3_llama_swap,3d,tft,,0.0005,0.0,10000,0.078,0.2,1.0,0.553025,0.29898511564123054,0.553025,1495,,0,0,19.09,2000,0.5163186825703078,0.44317831940695684,0.5556998349295798,0.9988781543365367,0.9972336397200057,2000,40000,0.0,0.441925,,,7.0,,,290.75,34,34.0,34,0.006685510428344271,
exp3_mistral_abs,1,allc,,0.0,0.2065,10000,1.0,0.2065,0.9729,0.8215,0.0809027193609708,0.8215,327,,0,0,7.14,2000,0.16152331597348285,0.004253286080512207,0.16308350776739147,0.16733679384790368,0.005429719558977277,2000,40000,0.4416,0.8215,,,,,,250.6,,,,0.0018090398005571906,
exp3_mistral_abs,1,tft,,0.0,0.2392,10000,0.805,0.24,0.981,0.769775,0.11228401210769055,0.769775,453,,0,0,27.4135,2000,0.11562009916499258,0.005803809670220865,0.11687771178094772,0.1226815214511686,0.005519742526303555,2000,40000,0.556,0.279175,,,,,,250.6,,,,0.002510746838592055,
exp3_mistral_abs,3,allc,,0.0,1.0,10000,1.0,1.0,1.0,0.8464,0.05851956937640603,0.8464,325,,0,0,6.144,2000,0.01733592993540326,0.0014465842882570555,0.018170419768751386,0.019617004057008443,0.002214457659846224,2000,40000,0.99995,0.8464,,,6.433,,,295.6,45,45.0,45,0.0013085373513965885,
exp3_mistral_abs,3,tft,,0.0,0.9964,10000,0.9964,1.0,1.0,0.60555,0.06392728290800415,0.60555,1496,,0,0,18.619,2000,0.006934283691012112,0.003392496956816213,0.0074986775670084285,0.010891174523824642,0.0015860908038590994,2000,40000,0.999975,0.4306,,,5.949475,,,295.6,45,45.0,45,0.001429457501991577,
exp3_mistral_abs,3b,allc,,0.0,0.0,10000,1.0,0.0,0.9953,0.838575,0.07650633552196838,0.838575,79,,0,0,6.457,2000,0.04675261829172127,0.0006782811965640056,0.0467859516113988,0.0474642328079628,0.0018805793223525434,2000,40000,0.83285,0.838575,,,13.0,,,295.6,45,45.0,45,0.0017107336693652814,
exp3_mistral_abs,3b,tft,,0.0,0.0012,10000,0.945,0.0012,0.9982,0.8321500000000001,0.07788695333622957,0.83215,148,,0,0,30.888,2000,0.025842602744596117,0.0006536845156698092,0.025893666124385976,0.026547350640055783,0.0010874961506991078,2000,40000,0.9772,0.21785,,,13.0,,,295.6,45,45.0,45,0.0017416052222016334,
exp3_mistral_abs,3c,allc,,0.0,0.2,10000,1.0,0.2,1.0,0.848975,0.05811797807047316,0.848975,366,0.1,40000,0,6.041,2000,0.01770130325552264,0.0014312212904439622,0.018520467380789045,0.019951688671233005,0.002512667461715421,2000,40000,0.9999,0.848975,,,6.43895,,,295.6,45,45.0,45,0.0012995574968042004,
exp3_mistral_abs,3c,tft,,0.0,0.2319,10000,0.888,0.2443,1.0,0.624825,0.11744134440221637,0.624825,1755,0.1,40000,0,19.9665,2000,0.008603244283422084,0.003683559948497412,0.009269773371259935,0.012953333319757345,0.0019839818548231464,2000,40000,0.998775,0.411925,,,5.94235,,,295.6,45,45.0,45,0.002626068294523202,
exp3_mistral_abs,3d,allc,,0.0,0.2002,10000,1.0,0.2002,0.9999,0.936225,0.025278436957217088,0.936225,31,,0,0,2.551,2000,0.2975966710243575,0.0010250407909040088,0.29842719826648195,0.29945223905738594,0.0019317414413962358,2000,40000,0.19765,0.936225,,,11.0,,,295.6,45,45.0,45,0.0005652430340128035,
exp3_mistral_abs,3d,tft,,0.0,0.3729,10000,0.9804,0.3734,0.8179,0.932025,0.029421919974739898,0.932025,50,,0,0,35.1035,2000,0.3110293035889947,0.001277389756076137,0.3121121709441497,0.3133895607002259,0.0019317414413962358,2000,40000,0.200625,0.117975,,,11.0,,,295.6,45,45.0,45,0.000657894130920773,
exp3_mistral_sem,1,allc,,0.9975,0.4,10000,1.0,0.4,0.9998,0.000125,0.0024968730444297725,0.000125,5,,0,0,39.995,2000,0.9298794214634684,0.9299750202622242,9.559879875605097e-05,0.9300706190609804,0.8701223187181664,2000,40000,0.0,0.000125,,,,,,298.599025,,,,5.5831778585318235e-05,
exp3_mistral_sem,1,tft,,0.999,0.4,10000,0.9999,0.4,1.0,5e-05,0.0015803480629279108,5e-05,3,,0,0,2.001,2000,0.9299046056605892,0.9299995447742887,9.493911369961424e-05,0.9300944838879883,0.8049509190079408,2000,40000,0.0,0.94995,,,,,,298.59905,,,,3.5337656968169235e-05,
exp3_mistral_sem,3,allc,,0.9985,0.9999,10000,1.0,0.9999,1.0,7.500000000000001e-05,0.0019350387593017357,7.5e-05,3,,0,0,39.997,2000,0.8924805204836374,0.8925862266311242,0.00010570614748689795,0.8926919327786113,0.7364035402531274,2000,40000,0.0,7.5e-05,,,4.95,,,343.59905,45,45.0,45,4.3268782048955346e-05,
exp3_mistral_sem,3,tft,,0.997,1.0,10000,1.0,1.0,1.0,0.00015000000000000001,0.002734501782775064,0.00015,5,,0,0,2.003,2000,0.8923355420749304,0.8924428136715251,0.00010727159659459204,0.8925500852681196,0.6622744330642498,2000,40000,0.0,0.94985,,,4.949925,,,343.5963,45,45.0,45,6.114531870879405e-05,
exp3_mistral_sem,3b,allc,,0.993,0.3999,10000,1.0,0.3999,1.0,0.00035,0.004168632869418942,0.00035,7,,0,0,39.986,2000,0.9302303313132042,0.9304910585560457,0.0002607272428414615,0.9307517857988873,0.7610276007968789,2000,40000,0.0,0.00035,,,13.0,,,343.59655,45,45.0,45,9.321346469260757e-05,
exp3_mistral_sem,3b,tft,,0.999,0.4,10000,0.9998,0.4,1.0,5e-05,0.0015803480629279108,5e-05,2,,0,0,2.001,2000,0.9304884020279073,0.9307226515169313,0.00023424948902409643,0.9309569010059555,0.7797910318717033,2000,40000,0.0,0.94995,,,13.0,,,343.59945,45,45.0,45,3.5337656968169235e-05,
exp3_mistral_sem,3c,allc,,0.9975,0.2,10000,1.0,0.2,1.0,0.000125,0.0024968730444297725,0.000125,3,0.15,40000,0,39.995,2000,0.9074312012552104,0.9075134413946171,8.224013940663727e-05,0.9075956815340236,0.737048254681675,2000,40000,0.0,0.000125,,,4.95,,,343.598,45,45.0,45,5.5831778585318235e-05,
exp3_mistral_sem,3c,tft,,0.9965,0.2,10000,0.8003,0.2,1.0,0.000175,0.0029528587842970076,0.000175,5,0.15,40000,0,2.0035,2000,0.8853154187488379,0.8855725852952658,0.0002571665464279536,0.8858297518416938,0.6852992801263613,2000,40000,0.0,0.949825,,,4.900075,,,343.595375,45,45.0,45,6.602792969645498e-05,
exp3_mistral_sem,3d,allc,,0.9985,0.3997,10000,1.0,0.3997,1.0,7.500000000000001e-05,0.0019350387593017357,7.5e-05,2,,0,0,39.997,2000,0.963928683022801,0.9640484381480352,0.00011975512523423186,0.9641681932732694,0.645077481356858,2000,40000,0.0,7.5e-05,,,11.0,,,343.598575,45,45.0,45,4.3268782048955346e-05,
exp3_mistral_sem,3d,tft,,0.9975,0.3995,10000,1.0,0.3995,1.0,0.000125,0.0024968730444297725,0.000125,2,,0,0,2.0025,2000,0.96395873416376,0.9640837946418321,0.00012506047807210458,0.9642088551199042,0.645077481356858,2000,40000,0.0,0.949875,,,11.0,,,343.595375,45,45.0,45,5.5831778585318235e-05,
exp3_mistral_swap,1,allc,,0.0,0.2,10000,0.2,0.2,0.9875,0.69105,0.09035982237698346,0.69105,1903,,0,0,12.358,2000,0.31949559002050626,0.22538725188868786,0.5147182044052365,0.7401054562939243,0.5083931551054717,2000,40000,0.0,0.69105,,,,,,286.5691,,,,0.0020205070526974163,
exp3_mistral_swap,1,tft,,0.0,0.2002,10000,0.201,0.2006,0.9992,0.992275,0.02261800996993326,0.992275,24,,0,0,37.5425,2000,0.8718237585833176,0.005190363613231355,0.8770141221965491,0.8822044858097805,0.5685018273885443,2000,40000,0.0,0.057725,,,,,,297.392825,,,,0.0005057540780853874,
exp3_mistral_swap,3,allc,,0.0,0.2,10000,0.2,1.0,1.0,0.915775,0.04530341460640686,0.915775,362,,0,0,3.369,2000,0.6704410035919262,0.06398815754042042,0.7343475456424033,0.7983357031828238,0.45917218294947326,2000,40000,0.0,0.915775,,,5.649,,,333.471925,45,45.0,45,0.0010130151467278262,
exp3_mistral_swap,3,tft,,0.0,0.2,10000,0.2,1.0,1.0,0.996875,0.013747158797366101,0.996875,21,,0,0,37.814,2000,0.9112680941423585,0.002331375495751996,0.9135994696381103,0.9159308451338624,0.7091769380016192,2000,40000,0.0,0.053125,,,5.387275,,,342.559575,45,45.0,45,0.0003073958156839486,
exp3_mistral_swap,3b,allc,,0.0,0.2,10000,0.2,0.2,0.9995,0.780875,0.08193280402256474,0.780875,1463,,0,0,8.765,2000,0.4399517505685415,0.155710162808772,0.5769905564461546,0.7327007192549266,0.46887823947201457,2000,40000,0.0,0.780875,,,13.0,,,332.398375,45,45.0,45,0.0018320731938162296,
exp3_mistral_swap,3b,tft,,0.0,0.2,10000,0.2508,0.2,1.0,0.985875,0.024222600500359178,0.985875,15,,0,0,37.1605,2000,0.8852254066224352,0.007123307041202846,0.892348713663638,0.8994720207048408,0.46887823947201457,2000,40000,0.0,0.064125,,,13.0,,,342.167675,45,45.0,45,0.0005416338131062354,
exp3_mistral_swap,3c,allc,,0.0,0.2,10000,0.2,0.2,1.0,0.91595,0.04558615469635489,0.91595,384,0.1,40000,0,3.362,2000,0.6570691959337609,0.06302946734060565,0.7200493059865974,0.783078773327203,0.5557711771886905,2000,40000,0.0,0.91595,,,5.69595,,,333.443975,45,45.0,45,0.001019337407338708,
exp3_mistral_swap,3c,tft,,0.0,0.2,10000,0.2002,0.2,1.0,0.99785,0.01305287324691388,0.99785,22,0.1,40000,0,37.873,2000,0.9161601995131275,0.0019387765786023667,0.9180989760917301,0.9200377526703324,0.7169032066795509,2000,40000,0.0,0.05215,,,5.067475,,,342.58935,45,45.0,45,0.0002918711188178783,
exp3_mistral_swap,3d,allc,,0.0,0.2,10000,0.2,0.2,0.991,0.67505,0.11027237868115479,0.67505,1789,,0,0,12.998,2000,0.39022117442565757,0.2686163924226039,0.5623182707195505,0.8309346631421546,0.6475786923313266,2000,40000,0.0,0.67505,,,11.0,,,331.35225,45,45.0,45,0.002465765347716607,
exp3_mistral_swap,3d,tft,,0.0,0.2,10000,0.2417,0.2341,0.9511,0.975525,0.043499705458772936,0.975525,48,,0,0,36.6555,2000,0.8972304485375704,0.019762621274152212,0.9169930698117225,0.9367556910858748,0.7407562061205706,2000,40000,0.0,0.074475,,,11.0,,,341.842575,45,45.0,45,0.0009726829840703495,
exp3_qwen_abs,1,allc,,0.6615,0.3958,10000,1.0,0.3958,1.0,0.080825,0.1565042151988246,0.080825,182,,0,0,36.767,2000,0.9402662386701555,0.9195374132593095,0.08046259350194594,1.0000000067612556,0.9999997407734106,2000,40000,0.0,0.080825,,,,,,212.5,,,,0.0034995406394982753,
exp3_qwen_abs,1,tft,,0.69,0.3952,10000,0.968,0.3952,1.0,0.097525,0.2160963312391027,0.097525,76,,0,0,4.6265,2000,0.9576489197590435,0.9018817058766532,0.09811830197660085,1.000000007853254,0.9999996789940451,2000,40000,0.0,0.882875,,,,,,212.5,,,,0.00483206086338945,
exp3_qwen_abs,3,allc,,0.0,1.0,10000,1.0,1.0,1.0,0.771025,0.07366613451919411,0.771025,223,,0,0,9.159,2000,0.8536312960059242,0.22930247228747616,0.7706975293294434,1.0000000016169197,0.9999998849429172,2000,40000,0.0,0.771025,,,6.1136,,,251.5,39,39.0,39,0.0016472248442456182,
exp3_qwen_abs,3,tft,,0.0,0.9999,10000,1.0,0.9999,1.0,0.7704,0.10929931381303361,0.7704,221,,0,0,28.0585,2000,0.8209190664238629,0.22895259763402023,0.7710473980933593,0.9999999957273796,0.9999997063807977,2000,40000,0.0,0.2767,,,6.036825,,,251.5,39,39.0,39,0.0024440069558002487,
exp3_qwen_abs,3b,allc,,0.8975,0.3981,10000,1.0,0.3981,1.0,0.025925,0.11959993467807581,0.025925,44,,0,0,38.963,2000,0.985689393199744,0.9739541465594118,0.026045861818942827,1.0000000083783547,0.9999997381146706,2000,40000,0.0,0.025925,,,10.0,,,251.5,39,39.0,39,0.0026743358404471194,
exp3_qwen_abs,3b,tft,,0.8895,0.397,10000,0.9927,0.397,1.0,0.03285,0.14307647430657494,0.03285,29,,0,0,2.868,2000,0.987948958534526,0.9672936066282436,0.03270640045620149,1.000000007084445,0.9999995261564216,2000,40000,0.0,0.92815,,,10.0,,,251.5,39,39.0,39,0.0031992872253050362,
exp3_qwen_abs,3c,allc,,0.0,0.2,10000,1.0,0.2,1.0,0.7541,0.061912761204779114,0.7541,243,0.05,40000,0,9.836,2000,0.8676612112448172,0.24655120352631693,0.7534487988094799,1.000000002335797,0.9999997645749161,2000,40000,0.0,0.7541,,,6.1603,,,251.5,39,39.0,39,0.0013844114272859786,
exp3_qwen_abs,3c,tft,,0.0,0.2089,10000,0.8042,0.2096,1.0,0.7503,0.13885211557624896,0.7503,395,0.05,40000,0,27.315,2000,0.8024174582116965,0.2473868798759846,0.7526131168567635,0.999999996732748,0.9999994245870308,2000,40000,0.0,0.29125,,,6.058125,,,251.5,39,39.0,39,0.0031048276924815006,
exp3_qwen_abs,3d,allc,,0.806,0.394,10000,1.0,0.394,1.0,0.0439,0.15246406133905785,0.0439,41,,0,0,38.244,2000,0.9782047737986664,0.9562166155732194,0.04378338525469969,1.000000000827919,0.9999994614255825,2000,40000,0.0,0.0439,,,12.0,,,251.5,39,39.0,39,0.0034092000527983094,
exp3_qwen_abs,3d,tft,,0.8075,0.3933,10000,0.975,0.3933,1.0,0.0532,0.19281405550426037,0.0532,20,,0,0,3.3565,2000,0.9814846001855296,0.9472419908962755,0.05275800974649078,1.0000000006427663,0.999999914692601,2000,40000,0.0,0.91605,,,12.0,,,251.5,39,39.0,39,0.0043114533512494365,
exp3_qwen_sem,1,allc,,0.95,0.4,10000,1.0,0.4,1.0,0.009025,0.055989279107700615,0.009025,41,,0,0,39.639,2000,0.9904569819874398,0.9905768699113326,0.009416503997045269,0.999993373908378,0.9999787816464962,2000,40000,0.0,0.009025,,,,,,260.5,,,,0.0012519583409602733,
exp3_qwen_sem,1,tft,,0.933,0.3996,10000,0.9986,0.3996,1.0,0.014325000000000001,0.07217024577344877,0.014325,59,,0,0,2.2895,2000,0.9887209396967541,0.9859927179831041,0.014000639670182275,0.9999933576532863,0.9999813420527377,2000,40000,0.0,0.941475,,,,,,260.5,,,,0.0016137757550229834,
exp3_qwen_sem,3,allc,,0.452,1.0,10000,1.0,1.0,1.0,0.051125000000000004,0.06732372817216825,0.051125,175,,0,0,37.955,2000,0.9018354871854539,0.9489159428911828,0.05107785962845714,0.9999938025196398,0.9999806166685661,2000,40000,0.0,0.051125,,,4.95065,,,299.5,39,39.0,39,0.0015054043269168587,
exp3_qwen_sem,3,tft,,0.461,1.0,10000,1.0,1.0,1.0,0.068425,0.08998205029337795,0.068425,192,,0,0,2.794,2000,0.8914185226749815,0.9314337606134669,0.06855975451862949,0.9999935151320964,0.999957401183803,2000,40000,0.0,0.913525,,,4.9504,,,299.5,39,39.0,39,0.00201205981210798,
exp3_qwen_sem,3b,allc,,0.56,0.3999,10000,1.0,0.3999,1.0,0.0476,0.10526984373504124,0.0476,92,,0,0,38.096,2000,0.9444818259002885,0.9528186462010819,0.04717623476125876,0.9999948809623407,0.9999858650008153,2000,40000,0.0,0.0476,,,10.0,,,299.5,39,39.0,39,0.0023539052657233256,
exp3_qwen_sem,3b,tft,,0.5575,0.4,10000,0.9943,0.4,1.0,0.052425,0.11475133713817892,0.052425,85,,0,0,2.337,2000,0.9466025311623065,0.9478232545139703,0.05217160794409934,0.9999948624580695,0.9999761650994796,2000,40000,0.0,0.939625,,,10.0,,,299.5,39,39.0,39,0.0025659179034996423,
exp3_qwen_sem,3c,allc,,0.6065,0.2002,10000,1.0,0.2002,1.0,0.0455,0.07940245588141465,0.0455,200,0.1,40000,0,38.18,2000,0.9150669204025582,0.954433324724297,0.045560626170968274,0.9999939508952653,0.9999755181084113,2000,40000,0.0,0.0455,,,4.9672,,,299.5,39,39.0,39,0.0017754928893127112,
exp3_qwen_sem,3c,tft,,0.0005,0.2289,10000,0.9323,0.2425,1.0,0.305975,0.11965805186029063,0.305975,1664,0.1,40000,0,8.7915,2000,0.5862324061706962,0.6953231979750878,0.3046670297740627,0.9999902277491505,0.9999464182051442,2000,40000,0.0,0.697875,,,4.993275,,,299.5,39,39.0,39,0.00267563538014805,
exp3_qwen_sem,3d,allc,,0.792,0.3998,10000,1.0,0.3998,1.0,0.04765,0.12909096598910397,0.04765,114,,0,0,38.094,2000,0.9636052704236404,0.951055062740003,0.04893832105469378,0.9999933837946966,0.9999700982216875,2000,40000,0.0,0.04765,,,12.0,,,299.5,39,39.0,39,0.002886561752327498,
exp3_qwen_sem,3d,tft,,0.7485,0.3998,10000,0.9942,0.3998,1.0,0.055325,0.1413608657832853,0.055325,114,,0,0,3.187,2000,0.9649181707486703,0.9457796005415788,0.05421377616945325,0.9999933767110321,0.9999843740335432,2000,40000,0.0,0.917825,,,12.0,,,299.5,39,39.0,39,0.0031609250524964995,
exp3_qwen_swap,1,allc,,0.0,0.2,10000,0.2,0.2,1.0,0.143325,0.05902706476693551,0.143325,415,,0,0,34.267,2000,0.8170832071694621,0.8579213194906793,0.14207013649842937,0.9999914559891088,0.9999764644261528,2000,40000,0.0,0.143325,,,,,,260.5,,,,0.0013198852933115058,
exp3_qwen_swap,1,tft,,0.0,0.2,10000,0.2445,0.2,1.0,0.07047500000000001,0.03488587644018708,0.070475,79,,0,0,3.4215,2000,0.9627593046883354,0.9309939473444654,0.06899857709829524,0.9999925244427608,0.9999762045946016,2000,40000,0.0,0.884425,,,,,,260.5,,,,0.0007800719117491667,
exp3_qwen_swap,3,allc,,0.0,0.2,10000,0.2,1.0,1.0,0.726075,0.13820761330331988,0.726075,1303,,0,0,10.957,2000,0.6172155304648758,0.27355621441699085,0.7264369266255357,0.9999931410425266,0.9999830546048412,2000,40000,0.0,0.726075,,,5.363975,,,299.5,39,39.0,39,0.003090416183542275,
exp3_qwen_swap,3,tft,,0.0,0.2,10000,0.2,1.0,1.0,0.897375,0.16474786607115735,0.897375,273,,0,0,33.066,2000,0.8908153486068939,0.10210915130852209,0.897885803336565,0.9999949546450871,0.9999826586071396,2000,40000,0.0,0.150025,,,5.28105,,,299.5,39,39.0,39,0.00368387427683139,
exp3_qwen_swap,3b,allc,,0.0,0.2,10000,0.2,0.2001,1.0,0.2702,0.0861507980230015,0.2702,990,,0,0,29.192,2000,0.6871787188254039,0.7306687574578584,0.2693225515397587,0.9999913089976171,0.9999762216885986,2000,40000,0.0,0.2702,,,10.0,,,299.5,39,39.0,39,0.0019263904069528584,
exp3_qwen_swap,3b,tft,,0.0,0.2,10000,0.2152,0.2,1.0,0.963275,0.14658623528489978,0.963275,123,,0,0,36.619,2000,0.9691286733520817,0.036465897310818576,0.9635300738082143,0.9999959711190329,0.9999757254538159,2000,40000,0.0,0.078175,,,10.0,,,299.5,39,39.0,39,0.0032777678666281412,
exp3_qwen_swap,3c,allc,,0.0,0.2,10000,0.2,0.2,1.0,0.724475,0.14178231333632554,0.724475,1307,0.1,40000,0,11.021,2000,0.6359389066000907,0.27233676061255085,0.7276563943152095,0.9999931549277602,0.9999844592037053,2000,40000,0.0,0.724475,,,5.38485,,,299.5,39,39.0,39,0.0031703489062719892,
exp3_qwen_swap,3c,tft,,0.0,0.2011,10000,0.3526,0.207,1.0,0.85785,0.18049481294486,0.85785,434,0.05,40000,0,31.11,2000,0.8283849328102151,0.14396824309595577,0.8560262070333919,0.9999944501293477,0.9999820493843526,2000,40000,0.0,0.1857,,,5.1385,,,299.5,39,39.0,39,0.004035986713308159,
exp3_qwen_swap,3d,allc,,0.0,0.2,10000,0.2,0.2,0.9999,0.205775,0.0741140970059003,0.205775,658,,0,0,31.769,2000,0.7635861807718233,0.7932894062878436,0.20670088688656857,0.9999902931744122,0.9999732389314131,2000,40000,0.0,0.205775,,,12.0,,,299.5,39,39.0,39,0.0016572415899620669,
exp3_qwen_swap,3d,tft,,0.0,0.2,10000,0.6392,0.2,1.0,0.73815,0.4004336118509534,0.73815,143,,0,0,28.116,2000,0.9401955646415572,0.26170417044036315,0.7382894829802782,0.9999936534206414,0.99995137462656,2000,40000,0.0,0.2836,,,12.0,,,299.5,39,39.0,39,0.008953967765744971,
exp4_llama_abs_logit,1,allc,,0.0,0.2438,5000,1.0,0.2438,1.0,0.7013,0.15034397227690904,0.7013,852,,0,0,11.948,1000,0.4842022313849048,0.2901077179946633,0.6853570135932396,0.975464731587903,0.9101021188489444,1000,20000,0.0,0.7013,,,,,,208.75,,,,0.004754293848722437,
exp4_llama_abs_logit,1,tft,,0.0,0.2458,5000,0.9586,0.2458,1.0,0.7318,0.17346111956285765,0.7318,794,,0,0,25.75,1000,0.5327582414604778,0.25213709631172776,0.705523305946549,0.9576604022582768,0.7590217204104265,1000,20000,0.0,0.2973,,,,,,208.75,,,,0.005485322233014209,
exp4_llama_abs_logit,3,allc,,0.0,1.0,5000,1.0,1.0,1.0,0.71265,0.11873279875417744,0.71265,950,,0,0,11.494,1000,0.4338851048777372,0.28267039599480454,0.7123104139041411,0.9949808098989457,0.9808067862077677,1000,20000,0.0,0.71265,,,3.0,,,242.75,34,34.0,34,0.003754660770296033,
exp4_llama_abs_logit,3,tft,,0.0,0.9994,5000,0.9994,1.0,1.0,0.59,0.11428035701729322,0.59,998,,0,0,18.983,1000,0.267310312706017,0.40364471814887787,0.5878407934551868,0.9914855116040647,0.9525594993166664,1000,20000,0.0,0.4175,,,3.0,,,242.75,34,34.0,34,0.0036138621999185303,
exp4_llama_abs_logit,3b,allc,,0.0,0.2,5000,1.0,0.2,1.0,0.7123,0.15785661215166122,0.7123,851,,0,0,11.508,1000,0.46538383366039177,0.2654853454236477,0.664786890615211,0.9302722360388587,0.7228309049923223,1000,20000,0.0,0.7123,,,5.0,,,242.75,34,34.0,34,0.004991864381170626,
exp4_llama_abs_logit,3b,tft,,0.0,0.2,5000,0.9788,0.2,1.0,0.77475,0.16410343536928165,0.77475,721,,0,0,27.816,1000,0.5341284653664954,0.20355146220536813,0.6880632919260273,0.8916147541313955,0.40490192648065654,1000,20000,0.0,0.25235,,,5.0,,,242.75,34,34.0,34,0.005189406276251649,
exp4_llama_abs_scratchpad,1,allc,,0.0,0.2,5000,0.809,0.2,1.0,0.5245,0.137694408020079,0.5245,996,,0,0,19.02,1000,0.3594219780375885,0.34456183693087583,0.39098628118749795,0.7355481181183738,0.0,1000,20000,0.00305,0.5245,538.52845,708,,46,20000,224.75,,,,0.0043542795041200556,
exp4_llama_abs_scratchpad,1,tft,,0.0,0.2,5000,0.7386,0.2,0.9998,0.5162,0.16281142466055631,0.5162,997,,0,0,16.611,1000,0.2931772282492987,0.3400049240110624,0.3632618130007555,0.7032667370118179,0.0,1000,20000,0.0049,0.489,502.37735,714,,50,20000,224.75,,,,0.005148549310242644,
exp4_llama_abs_scratchpad,3,allc,,0.0,1.0,5000,1.0,1.0,1.0,0.6655,0.13529504795076572,0.6655,965,,0,0,13.38,1000,0.3780341626496025,0.2614902139295495,0.5338624392148562,0.7953526531444057,0.0,1000,20000,0.0025,0.6655,568.4241,715,3.0,155,20000,258.75,34,34.0,34,0.004278405076661161,
exp4_llama_abs_scratchpad,3,tft,,0.0,1.0,5000,1.0,1.0,1.0,0.56465,0.12273091501329239,0.56465,999,,0,0,18.369,1000,0.27451543059393146,0.34342635892819545,0.4390983891245306,0.782524748052726,0.0,1000,20000,0.00165,0.44075,539.24195,717,3.0,154,20000,258.75,34,34.0,34,0.003881092307585585,
exp4_llama_abs_scratchpad,3b,allc,,0.0,0.2,5000,1.0,0.2,1.0,0.5476,0.14347208787774715,0.5476,1000,,0,0,18.096,1000,0.36809339763174215,0.3281614119152133,0.39896584484800723,0.7271272567632205,0.0,1000,20000,0.00545,0.5476,553.87205,723,5.0,55,20000,258.75,34,34.0,34,0.004536985783535143,
exp4_llama_abs_scratchpad,3b,tft,,0.0,0.2,5000,0.9758,0.2,1.0,0.5537,0.17468918111892331,0.5537,983,,0,0,18.572,1000,0.34010624775025167,0.3196589913809626,0.39521050486417586,0.7148694962451384,0.0,1000,20000,0.00605,0.444,527.10645,705,5.0,57,20000,258.75,34,34.0,34,0.005524156949254791,
exp4_llama_sem_logit,1,allc,,0.008,0.2,5000,0.996,0.2,1.0,0.32355,0.2345376249133601,0.32355,826,,0,0,27.058,1000,0.5254672894612304,0.6788279450219848,0.32011696214634927,0.9989449071683341,0.9963364300720372,1000,20000,0.0,0.32355,,,,,,256.75,,,,0.007416730917324694,
exp4_llama_sem_logit,1,tft,,0.006,0.2,5000,0.9792,0.2,1.0,0.33665,0.24159734580495706,0.33665,837,,0,0,10.647,1000,0.514794193914431,0.6621172030955363,0.33688036981317176,0.998997572908708,0.9963906192204002,1000,20000,0.0,0.66595,,,,,,256.75,,,,0.007639978893949905,
exp4_llama_sem_logit,3,allc,,0.261,1.0,5000,1.0,1.0,1.0,0.0872,0.09872264177988756,0.0872,348,,0,0,36.512,1000,0.8267589049956123,0.9124886047058073,0.08720581891505971,0.999694423620867,0.999053335534472,1000,20000,0.0,0.0872,,,2.05,,,290.75,34,34.0,34,0.003121884046533439,
exp4_llama_sem_logit,3,tft,,0.293,1.0,5000,1.0,1.0,1.0,0.10690000000000001,0.13391187400675117,0.1069,395,,0,0,4.258,1000,0.7961385779831041,0.891933430939728,0.10774798410229552,0.9996814150420236,0.9991796096940002,1000,20000,0.0,0.8589,,,2.05,,,290.75,34,34.0,34,0.004234665276028319,
exp4_llama_sem_logit,3b,allc,,0.26,0.2,5000,1.0,0.2,1.0,0.1017,0.1388420325405819,0.1017,354,,0,0,35.932,1000,0.8136951937524651,0.8987949208024915,0.10056931367281273,0.9993642344753043,0.9980722482718798,1000,20000,0.0,0.1017,,,5.0,,,290.75,34,34.0,34,0.004390570577954533,
exp4_llama_sem_logit,3b,tft,,0.25,0.2,5000,0.9868,0.2,1.0,0.12975,0.17709443102480665,0.12975,400,,0,0,4.895,1000,0.7850434503288113,0.8726620979193577,0.12669143354385665,0.9993535314632142,0.9985029405823529,1000,20000,0.0,0.84155,,,5.0,,,290.75,34,34.0,34,0.00560021762969976,
exp4_llama_sem_scratchpad,1,allc,,0.0,0.2,5000,0.8082,0.2,1.0,0.5572,0.19160678484855384,0.5572,986,,0,0,17.712,1000,0.4025454859715469,0.3476969844009155,0.4506200180481388,0.7983170024490543,0.0,1000,20000,0.0011,0.5572,537.47225,749,,52,20000,269.75,,,,0.006059138552632709,
exp4_llama_sem_scratchpad,1,tft,,0.001,0.2,5000,0.861,0.2,1.0,0.64995,0.19009865202047066,0.64995,928,,0,0,21.991,1000,0.42930980983121536,0.27313927718304276,0.5137282529957125,0.7868675301787552,0.0,1000,20000,0.00135,0.37575,507.1601,715,,52,20000,269.75,,,,0.006011447205124569,
exp4_llama_sem_scratchpad,3,allc,,0.0,1.0,5000,1.0,1.0,1.0,0.5546,0.1707303136528484,0.5546,996,,0,0,17.816,1000,0.35200724738127104,0.35686745702469624,0.45306439111114705,0.8099318481358434,0.01260214474831119,1000,20000,0.0002,0.5546,580.97995,713,2.05,137,20000,303.75,34,34.0,34,0.00539896656777943,
exp4_llama_sem_scratchpad,3,tft,,0.0,1.0,5000,1.0,1.0,1.0,0.61205,0.17936637784155648,0.61205,979,,0,0,20.207,1000,0.3590087553783768,0.31037187867600924,0.4908371033596454,0.8012089820356547,0.09250687835954116,1000,20000,5e-05,0.40845,561.94485,711,2.05,102,20000,303.75,34,34.0,34,0.005672062896336747,
exp4_llama_sem_scratchpad,3b,allc,,0.0,0.2,5000,0.9972,0.2,1.0,0.57875,0.20429375296371644,0.57875,974,,0,0,16.85,1000,0.4535954386857794,0.3360719467500795,0.4740383076991974,0.8101102544492769,0.0,1000,20000,0.0005,0.57875,564.41505,719,5.0,58,20000,303.75,34,34.0,34,0.006460335711091181,
exp4_llama_sem_scratchpad,3b,tft,,0.0,0.2,5000,0.8726,0.2,1.0,0.6661,0.2084365371042227,0.6661,875,,0,0,22.813,1000,0.5023969907201852,0.260112694240749,0.5485832732906292,0.8086959675313782,0.0,1000,20000,0.0005,0.3648,546.18625,716,5.0,52,20000,303.75,34,34.0,34,0.0065913420484754095,
exp4_mistral_abs_logit,1,allc,,0.0,0.2052,5000,1.0,0.2052,0.975,0.8235,0.07738055311252305,0.8235,184,,0,0,7.06,1000,0.16106698730073693,0.004299508817239409,0.16251284916197384,0.16681235797921323,0.005472748617660119,1000,20000,0.43625,0.8235,,,,,,250.6,,,,0.002446987944392044,
exp4_mistral_abs_logit,1,tft,,0.0,0.246,5000,0.8176,0.2466,0.9844,0.78065,0.10664463183864437,0.78065,266,,0,0,27.971,1000,0.12507612084936715,0.005588062795805369,0.12659346198310584,0.1321815247789112,0.005668821105966945,1000,20000,0.53345,0.26825,,,,,,250.6,,,,0.0033723993684022656,
exp4_mistral_abs_logit,3,allc,,0.0,1.0,5000,1.0,1.0,1.0,0.8484,0.057986550164671795,0.8484,233,,0,0,6.064,1000,0.01783673707058974,0.0014427262711123989,0.018645209881668106,0.020087936152780508,0.002779851601750197,1000,20000,1.0,0.8484,,,6.44435,,,295.6,45,45.0,45,0.0018336957217597468,
exp4_mistral_abs_logit,3,tft,,0.0,0.9964,5000,0.9964,1.0,1.0,0.61535,0.06743053833390326,0.61535,860,,0,0,19.045,1000,0.007290910473709852,0.0034768436279750004,0.007912167953142738,0.011389011581117738,0.0017030645092429271,1000,20000,0.99995,0.42095,,,5.95365,,,295.6,45,45.0,45,0.0021323408498642982,
exp4_mistral_abs_logit,3b,allc,,0.0,0.0,5000,1.0,0.0,0.9948,0.8443,0.07464924647978706,0.8443,57,,0,0,6.228,1000,0.047170851346332525,0.0006823686488994654,0.04723807518520984,0.04792044383410931,0.002100578825377874,1000,20000,0.831,0.8443,,,13.0,,,295.6,45,45.0,45,0.0023606164449143366,
exp4_mistral_abs_logit,3b,tft,,0.0,0.0,5000,0.9534,0.0,0.9972,0.83445,0.07739959625217693,0.83445,97,,0,0,31.023,1000,0.02715323019318038,0.0006650896058945003,0.027224296705183077,0.02788938631107758,0.0005103538807926682,1000,20000,0.96995,0.21555,,,13.0,,,295.6,45,45.0,45,0.0024475901413431134,
exp4_mistral_abs_scratchpad,1,allc,,0.0,0.0,5000,0.9878,0.2,0.7294,0.5162,0.10011273645246144,0.5162,999,,0,0,19.352,1000,0.1235466826172448,0.03243801563320544,0.09519835380473167,0.12763636943793713,0.0,1000,20000,0.72115,0.5162,526.23545,696,,235,20000,266.6,,,,0.0031658426998194336,
exp4_mistral_abs_scratchpad,1,tft,,0.0,0.1974,5000,0.9292,0.2,0.9286,0.4428,0.10579773154467917,0.4428,995,,0,0,13.158,1000,0.11545501838118287,0.046412716312488354,0.07935727457865062,0.12576999089113897,0.0,1000,20000,0.7367,0.5672,499.5515,670,,209,20000,266.6,,,,0.003345618029602304,
exp4_mistral_abs_scratchpad,3,allc,,0.0,1.0,5000,1.0,1.0,1.0,0.6983,0.08976140596046833,0.6983,989,,0,0,12.068,1000,0.1930791102163973,0.04050482945433474,0.15863886443990888,0.1991436938942436,0.0,1000,20000,0.5082,0.6983,551.63535,674,6.23595,299,20000,311.6,45,45.0,45,0.0028385048881409383,
exp4_mistral_abs_scratchpad,3,tft,,0.0,1.0,5000,1.0,1.0,1.0,0.5223,0.08759400664429046,0.5223,989,,0,0,16.273,1000,0.2387872385545541,0.1144748900455294,0.140741801672004,0.25521669171753336,0.0,1000,20000,0.45045,0.4817,542.79035,659,5.9766,264,20000,311.6,45,45.0,45,0.002769965703758803,
exp4_mistral_abs_scratchpad,3b,allc,,0.0,0.2,5000,0.9998,0.2,0.9296,0.5619,0.11332868127707126,0.5619,1000,,0,0,17.524,1000,0.1507615349317939,0.05083008485342096,0.10563913765112475,0.15646922250454573,0.0,1000,20000,0.66715,0.5619,541.7404,671,13.0,244,20000,311.6,45,45.0,45,0.0035837675705882492,
exp4_mistral_abs_scratchpad,3b,tft,,0.0,0.2,5000,0.882,0.2,0.9254,0.4848,0.12101223078680932,0.4848,997,,0,0,14.875,1000,0.17340257539054638,0.08696818540334789,0.0967325475982653,0.1837007330016132,0.0,1000,20000,0.64625,0.5236,530.03105,660,13.0,194,20000,311.6,45,45.0,45,0.0038267427402426733,
exp4_mistral_sem_logit,1,allc,,0.995,0.4,5000,1.0,0.4,1.0,0.00030000000000000003,0.004462062303464622,0.0003,5,,0,0,39.988,1000,0.9288725779827443,0.9289663417750262,9.376379228186635e-05,0.929060105567308,0.8538477805925204,1000,20000,0.0,0.0003,,,,,,298.59735,,,,0.00014110279940525634,
exp4_mistral_sem_logit,1,tft,,0.997,0.4,5000,0.9996,0.4,1.0,0.00015000000000000001,0.002734501782775064,0.00015,3,,0,0,2.003,1000,0.9284324157465924,0.9285277881583668,9.537241177448119e-05,0.9286231605701414,0.8251084305306489,1000,20000,0.0,0.94985,,,,,,298.59725,,,,8.647253899360192e-05,
exp4_mistral_sem_logit,3,allc,,0.997,1.0,5000,1.0,1.0,1.0,0.00015000000000000001,0.002734501782775064,0.00015,4,,0,0,39.994,1000,0.8942492026704832,0.8943615378346617,0.00011233516417833625,0.89447387299884,0.6074128525144633,1000,20000,0.0,0.00015,,,4.95,,,343.59775,45,45.0,45,8.647253899360192e-05,
exp4_mistral_sem_logit,3,tft,,0.997,1.0,5000,1.0,1.0,1.0,0.00015000000000000001,0.002734501782775064,0.00015,4,,0,0,2.003,1000,0.8932430381721802,0.8933600838113138,0.00011704563913357933,0.8934771294504473,0.7202612565180535,1000,20000,0.0,0.94985,,,4.95,,,343.59805,45,45.0,45,8.647253899360192e-05,
exp4_mistral_sem_logit,3b,allc,,0.994,0.4,5000,1.0,0.4,1.0,0.00030000000000000003,0.0038613469152615648,0.0003,3,,0,0,39.988,1000,0.9300912844236733,0.9304129139307097,0.0003216295070364103,0.9307345434377461,0.803722720202305,1000,20000,0.0,0.0003,,,13.0,,,343.5975,45,45.0,45,0.0001221065108829173,
exp4_mistral_sem_logit,3b,tft,,0.993,0.4,5000,0.999,0.4,1.0,0.00035,0.004168632869418942,0.00035,4,,0,0,2.007,1000,0.9297637651236588,0.9301028896151032,0.00033912449144452033,0.9304420141065477,0.7007930748165578,1000,20000,0.0,0.94965,,,13.0,,,343.59435,45,45.0,45,0.0001318237459640713,
exp4_mistral_sem_scratchpad,1,allc,,0.0,0.1998,5000,1.0,0.2,0.9568,0.43965,0.16150968237229618,0.43965,983,,0,0,22.414,1000,0.6464680838870663,0.4325429094641137,0.28358519684075306,0.7161281063048668,0.0,1000,20000,0.0473,0.43965,540.137,697,,195,20000,308.15465,,,,0.00510738460466803,
exp4_mistral_sem_scratchpad,1,tft,,0.001,0.0,5000,0.9424,0.2,0.7582,0.4117,0.15510676967818007,0.4117,992,,0,0,12.915,1000,0.5812135105374169,0.4299175213661364,0.24728118971973753,0.6771987110858739,0.0,1000,20000,0.0619,0.5894,519.54295,681,,200,20000,305.19995,,,,0.00490490672694191,
exp4_mistral_sem_scratchpad,3,allc,,0.001,0.9998,5000,0.9998,1.0,1.0,0.4021,0.17961233253872072,0.4021,987,,0,0,23.916,1000,0.7527296391843326,0.5229167578534175,0.29886809569761497,0.8217848535510324,0.0,1000,20000,0.01445,0.4021,557.37775,2075,5.0331,302,20000,353.24745,45,45.0,45,0.0056798406667793065,
exp4_mistral_sem_scratchpad,3,tft,,0.003,1.0,5000,1.0,1.0,1.0,0.3267,0.1284410759842816,0.3267,980,,0,0,10.254,1000,0.7507172722478677,0.5845498389897329,0.24450732937227068,0.8290571683620035,0.0,1000,20000,0.0179,0.6611,555.6432,688,4.97695,274,20000,351.1943,45,45.0,45,0.00406166345233083,
exp4_mistral_sem_scratchpad,3b,allc,,0.058,0.0,5000,1.0,0.2,0.7888,0.3347,0.20835284975252918,0.3347,805,,0,0,26.612,1000,0.7590220487083711,0.5930721219721561,0.23991566568652084,0.8329877876586769,0.0,1000,20000,0.0099,0.3347,549.35435,682,13.0,230,20000,354.1511,45,45.0,45,0.006588695622048419,
exp4_mistral_sem_scratchpad,3b,tft,,0.062,0.0,5000,0.8354,0.2,0.778,0.29515,0.17978870237031025,0.29515,779,,0,0,9.505,1000,0.7400580011876526,0.6193328433511228,0.20589487334042172,0.8252277166915446,0.0,1000,20000,0.01245,0.70305,543.4313,672,13.0,234,20000,352.46615,45,45.0,45,0.005685417970562939,
exp4_qwen_abs_logit,1,allc,,0.702,0.3966,5000,1.0,0.3966,1.0,0.07025,0.15082253644598342,0.07025,95,,0,0,37.19,1000,0.9468016909770657,0.9299710962848272,0.07002889931221949,0.9999999955970467,0.9999996836551885,1000,20000,0.0,0.07025,,,,,,212.5,,,,0.004769427376530646,
exp4_qwen_abs_logit,1,tft,,0.723,0.3966,5000,0.9688,0.3966,1.0,0.09,0.20135789033459803,0.09,58,,0,0,4.458,1000,0.9614518046627111,0.9098237588345388,0.09017623679374676,0.9999999956282856,0.9999997709443571,1000,20000,0.0,0.8866,,,,,,212.5,,,,0.006367495583037338,
exp4_qwen_abs_logit,3,allc,,0.0,1.0,5000,1.0,1.0,1.0,0.77335,0.08010791159429886,0.77335,167,,0,0,9.066,1000,0.8281632517527064,0.22641260391028958,0.7735873919454982,0.9999999958557877,0.9999999336933613,1000,20000,0.0,0.77335,,,6.1748,,,251.5,39,39.0,39,0.002533234592373948,
exp4_qwen_abs_logit,3,tft,,0.0,0.9998,5000,1.0,0.9998,1.0,0.7815,0.11699465799770518,0.7815,167,,0,0,28.508,1000,0.813565988372206,0.21748107526425606,0.7825189106700348,0.999999985934291,0.9999997090146608,1000,20000,0.0,0.2652,,,6.06725,,,251.5,39,39.0,39,0.003699695933451829,
exp4_qwen_abs_logit,3b,allc,,0.891,0.3962,5000,1.0,0.3962,1.0,0.0325,0.14837031374233864,0.0325,24,,0,0,38.7,1000,0.9857202444861505,0.9673451292928829,0.032654882284427846,1.0000000115773107,0.9999997434454828,1000,20000,0.0,0.0325,,,10.0,,,251.5,39,39.0,39,0.00469188128579571,
exp4_qwen_abs_logit,3b,tft,,0.868,0.395,5000,0.9838,0.395,1.0,0.04415,0.1720124341435816,0.04415,25,,0,0,3.235,1000,0.9869417298003135,0.9567422847981979,0.043257727625007326,1.0000000124232051,0.9999997434454828,1000,20000,0.0,0.91885,,,10.0,,,251.5,39,39.0,39,0.005439510777634327,
exp4_qwen_abs_scratchpad,1,allc,,0.0,0.2104,5000,1.0,0.2104,0.9986,0.7343,0.18397964561331234,0.7343,780,,0,0,10.628,1000,0.1381642947863318,0.051078882741398844,0.14721247290105147,0.1982913556424503,0.0,1000,20000,0.20055,0.7343,532.01085,738,,248,20000,228.5,,,,0.00581794723248673,
exp4_qwen_abs_scratchpad,1,tft,,0.0,0.2112,5000,0.2738,0.3604,0.995,0.9317,0.10336880573944926,0.9317,235,,0,0,34.846,1000,0.2124989913442202,0.012652521614385353,0.21811253239824413,0.23076505401262948,0.0,1000,20000,0.15,0.1116,528.0462,696,,243,20000,228.5,,,,0.0032688086514814536,
exp4_qwen_abs_scratchpad,3,allc,,0.0,1.0,5000,1.0,1.0,1.0,0.83325,0.12476753383793397,0.83325,638,,0,0,6.67,1000,0.20244217038172962,0.0413759647336932,0.22591873629607434,0.26729470102976755,0.0,1000,20000,0.09325,0.83325,512.46605,699,6.4387,236,20000,267.5,39,39.0,39,0.003945495849700009,
exp4_qwen_abs_scratchpad,3,tft,,0.0,0.9996,5000,0.9996,1.0,1.0,0.91555,0.09818705362724761,0.91555,244,,0,0,34.204,1000,0.2516537553253266,0.0214193643307222,0.2620313217965887,0.28345068612731095,0.0,1000,20000,0.07705,0.12675,502.7929,692,6.22005,249,20000,267.5,39,39.0,39,0.0031049472620319975,
exp4_qwen_abs_scratchpad,3b,allc,,0.0,0.2092,5000,1.0,0.2092,0.9932,0.83945,0.1397003847525124,0.83945,611,,0,0,6.422,1000,0.20888768163688182,0.0391399654480053,0.23251903055682918,0.2716589960048345,0.0,1000,20000,0.07755,0.83945,535.44285,707,10.0,223,20000,267.5,39,39.0,39,0.004417714058197972,
exp4_qwen_abs_scratchpad,3b,tft,,0.0,0.2114,5000,0.2688,0.2122,0.9996,0.94235,0.09454616597197371,0.94235,179,,0,0,35.369,1000,0.300491092828661,0.01355219573149337,0.3073171947477873,0.32086939047928065,0.0,1000,20000,0.05075,0.10345,528.9989,677,10.0,326,20000,267.5,39,39.0,39,0.0029898122850774427,
exp4_qwen_sem_logit,1,allc,,0.948,0.3998,5000,1.0,0.3998,1.0,0.0089,0.05666383326249646,0.0089,25,,0,0,39.644,1000,0.990183482041878,0.9908943401883898,0.0090986180010182,0.9999929581894081,0.9999747409116351,1000,20000,0.0,0.0089,,,,,,260.5,,,,0.001791867740654985,
exp4_qwen_sem_logit,1,tft,,0.948,0.3998,5000,0.9994,0.3998,1.0,0.0088,0.05121093633199846,0.0088,24,,0,0,2.132,1000,0.9912878396417902,0.9911947801862295,0.008798137323962552,0.999992917510192,0.9999763626959904,1000,20000,0.0,0.946,,,,,,260.5,,,,0.0016194319991898395,
exp4_qwen_sem_logit,3,allc,,0.428,1.0,5000,1.0,1.0,1.0,0.05095,0.06384823803363723,0.05095,107,,0,0,37.962,1000,0.9019261501056418,0.9493890735448236,0.050604513857667795,0.9999935874024913,0.9999807238631122,1000,20000,0.0,0.05095,,,4.95065,,,299.5,39,39.0,39,0.002019058567748841,
exp4_qwen_sem_logit,3,tft,,0.451,1.0,5000,1.0,1.0,1.0,0.0653,0.08521097347173073,0.0653,110,,0,0,2.644,1000,0.8929508935902825,0.9327811611262276,0.06721217824136652,0.9999933393675939,0.9999601954601184,1000,20000,0.0,0.9184,,,4.95035,,,299.5,39,39.0,39,0.0026946075781085453,
exp4_qwen_sem_logit,3b,allc,,0.559,0.3996,5000,1.0,0.3996,1.0,0.04195,0.09210156079024938,0.04195,46,,0,0,38.322,1000,0.9504011108711893,0.9596510313267207,0.04034354391966668,0.9999945752463875,0.9999774003787189,1000,20000,0.0,0.04195,,,10.0,,,299.5,39,39.0,39,0.0029125070815364555,
exp4_qwen_sem_logit,3b,tft,,0.587,0.4,5000,0.9978,0.4,1.0,0.045,0.10716809226630845,0.045,46,,0,0,2.139,1000,0.9531858700485127,0.9553365344054564,0.044658053582546896,0.9999945879880033,0.9999816764882217,1000,20000,0.0,0.9451,,,10.0,,,299.5,39,39.0,39,0.003388952640566109,
exp4_qwen_sem_scratchpad,1,allc,,0.103,0.329,5000,1.0,0.329,0.9942,0.4036,0.26627436977673985,0.4036,699,,0,0,23.856,1000,0.2780636151105566,0.23991173227349677,0.164039226372953,0.4039509586464498,0.0,1000,20000,0.037,0.4036,556.50255,711,,281,20000,273.5,,,,0.008420334910203987,
exp4_qwen_sem_scratchpad,1,tft,,0.155,0.3268,5000,0.7604,0.3664,0.994,0.4947,0.3511152374933335,0.4947,509,,0,0,17.564,1000,0.3125011877467069,0.19900635962545565,0.19578552622696804,0.3947918858524237,0.0,1000,20000,0.03835,0.5296,546.93165,721,,240,20000,273.5,,,,0.011103238716698835,
exp4_qwen_sem_scratchpad,3,allc,,0.001,1.0,5000,1.0,1.0,1.0,0.38345,0.17709770608339342,0.38345,957,,0,0,24.662,1000,0.21414080689630563,0.24599141745179667,0.1411168906769462,0.38710830812874286,0.0,1000,20000,0.02445,0.38345,523.9002,695,5.0279,298,20000,312.5,39,39.0,39,0.005600321196145807,
exp4_qwen_sem_scratchpad,3,tft,,0.003,1.0,5000,1.0,1.0,1.0,0.59755,0.2460721388129912,0.59755,689,,0,0,20.515,1000,0.24770851301257607,0.1576817550646159,0.21158543699376092,0.3692671920583768,0.0,1000,20000,0.02555,0.44095,513.84565,707,5.033,299,20000,312.5,39,39.0,39,0.007781484273581745,
exp4_qwen_sem_scratchpad,3b,allc,,0.0,0.3254,5000,1.0,0.3254,1.0,0.597,0.1531371933920692,0.597,787,,0,0,16.12,1000,0.29767560719492164,0.18966332500921815,0.26899400585936706,0.4586573308685852,0.0,1000,20000,0.0169,0.597,542.1225,701,10.0,302,20000,312.5,39,39.0,39,0.004842623256046252,
exp4_qwen_sem_scratchpad,3b,tft,,0.0,0.3494,5000,0.721,0.3886,1.0,0.69905,0.17821783721053286,0.69905,545,,0,0,24.791,1000,0.33882464434202364,0.14238893309169842,0.3064944425368436,0.448883375628542,0.0,1000,20000,0.0163,0.33845,534.3512,706,10.0,301,20000,312.5,39,39.0,39,0.0056357428525439296,
exp5_llama_sem_minimal,1,allc,,0.0,0.2,5000,0.984,0.2,1.0,0.73065,0.13637476856075686,0.73065,927,,0,0,10.774,1000,0.5912746653999541,0.2179577901497195,0.6059491348934224,0.8239069250431419,0.012125283514739668,1000,20000,0.0004,0.73065,502.9589,731,,52,20000,252.75,,,,0.004312548840303145,
exp5_llama_sem_minimal,1,tft,,0.0,0.2,5000,0.8802,0.2,1.0,0.7361,0.124907125497307,0.7361,938,,0,0,25.265,1000,0.5501640594490878,0.21322642317746168,0.5962139546345883,0.80944037781205,0.0058683924934690565,1000,20000,0.0003,0.2912,500.2597,710,,50,20000,252.75,,,,0.003949910125559821,
exp5_llama_sem_minimal,3,allc,,0.0,1.0,5000,1.0,1.0,1.0,0.71245,0.13956180530503323,0.71245,945,,0,0,11.502,1000,0.5883826093235985,0.2374883080512136,0.5903168305555685,0.8278051386067821,0.026943402395390118,1000,20000,5e-05,0.71245,538.9466,713,2.05,67,20000,286.75,34,34.0,34,0.0044133317912887545,
exp5_llama_sem_minimal,3,tft,,0.0,0.9998,5000,0.9998,1.0,1.0,0.68505,0.1326046662074906,0.68505,982,,0,0,22.866,1000,0.5563628352732566,0.2547549855620774,0.563630968800676,0.8183859543627534,0.25310547845724113,1000,20000,0.0,0.34125,537.7226,713,2.05,50,20000,286.75,34,34.0,34,0.004193327735820323,
exp5_llama_sem_minimal,3b,allc,,0.0,0.2,5000,1.0,0.2,1.0,0.6386000000000001,0.1652726232622935,0.6386,968,,0,0,14.456,1000,0.6211774770258525,0.3045986489908564,0.5371397450028516,0.8417383939937079,0.017041677659873862,1000,20000,5e-05,0.6386,509.76695,717,5.0,52,20000,286.75,34,34.0,34,0.005226379243797756,
exp5_llama_sem_minimal,3b,tft,,0.0,0.2,5000,0.9218,0.2,1.0,0.66135,0.1599958671341232,0.66135,962,,0,0,21.959,1000,0.6130347026798689,0.2825143980319774,0.5577694751534593,0.8402838731854366,0.12459512922067967,1000,20000,0.0,0.36735,499.7872,726,5.0,45,20000,286.75,34,34.0,34,0.005059513563575061,
exp5_mistral_sem_minimal,1,allc,,0.0,0.2,5000,1.0,0.2,0.9698,0.42745,0.10029455369061673,0.42745,1000,,0,0,22.902,1000,0.6096171061510681,0.4059697595929089,0.2674267858333835,0.6733965454262923,0.0,1000,20000,0.06675,0.42745,503.52965,705,,214,20000,290.11675,,,,0.0031715922657239537,
exp5_mistral_sem_minimal,1,tft,,0.0,0.2,5000,0.9362,0.2,0.9702,0.3807,0.1102384234284943,0.3807,996,,0,0,11.44,1000,0.5528838999136361,0.4093269898017871,0.2205797670644265,0.6299067568662137,0.0,1000,20000,0.08655,0.6151,490.47665,670,,217,20000,287.6553,,,,0.0034860450370011,
exp5_mistral_sem_minimal,3,allc,,0.0,0.997,5000,0.997,1.0,1.0,0.4356,0.10652530215868905,0.4356,999,,0,0,22.576,1000,0.7767743463895357,0.49005185799118545,0.34391194477234266,0.8339638027635281,0.0,1000,20000,0.01405,0.4356,540.191,684,5.01885,285,20000,334.8844,45,45.0,45,0.003368625832591088,
exp5_mistral_sem_minimal,3,tft,,0.0,0.9984,5000,0.9994,1.0,0.999,0.4131,0.10041608436898943,0.4131,998,,0,0,11.994,1000,0.7751832821270056,0.5089396164750333,0.32833676608175927,0.8372763825567925,0.0,1000,20000,0.01605,0.5887,537.14135,683,4.9765,269,20000,331.7811,45,45.0,45,0.0031754354032163846,
exp5_mistral_sem_minimal,3b,allc,,0.0,0.2,5000,1.0,0.2,0.9992,0.4062,0.11858144880207866,0.4062,989,,0,0,23.752,1000,0.7653332689901092,0.5048185871128862,0.3222710144367323,0.8270896015496184,0.0,1000,20000,0.0274,0.4062,544.9081,688,13.0,242,20000,335.4099,45,45.0,45,0.0037498746645721376,
exp5_mistral_sem_minimal,3b,tft,,0.001,0.2,5000,0.793,0.2,0.9948,0.3771,0.1104110048862884,0.3771,992,,0,0,11.373,1000,0.7429604976802445,0.5170720673160093,0.29479714199561974,0.811869209311629,0.0,1000,20000,0.03285,0.6211,539.6685,678,13.0,215,20000,332.8567,45,45.0,45,0.0034915025418865158,
exp5_qwen_sem_minimal,1,allc,,0.029,0.25,5000,1.0,0.25,0.9998,0.6499,0.26175368192252807,0.6499,778,,0,0,14.004,1000,0.2617607095582609,0.12996843788410842,0.23785354183677196,0.3678219797208803,0.0,1000,20000,0.0391,0.6499,566.874,739,,309,20000,256.5,,,,0.008277378208104303,
exp5_qwen_sem_minimal,1,tft,,0.031,0.3846,5000,0.8772,0.385,0.9998,0.75725,0.26273548960884596,0.75725,554,,0,0,27.346,1000,0.3014786220635071,0.08769613245498249,0.2860905056807249,0.37378663813570745,0.0,1000,20000,0.0384,0.27975,559.68565,731,,308,20000,256.5,,,,0.008308425693234549,
exp5_qwen_sem_minimal,3,allc,,0.003,1.0,5000,1.0,1.0,1.0,0.6411,0.24527696589773773,0.6411,799,,0,0,14.356,1000,0.26144526973057786,0.12395067026043537,0.249762286183744,0.37371295644417935,0.00034332178447982203,1000,20000,0.0307,0.6411,546.68675,706,5.24795,282,20000,295.5,39,39.0,39,0.007756338698122975,
exp5_qwen_sem_minimal,3,tft,,0.0,1.0,5000,1.0,1.0,1.0,0.7518,0.19790593725302938,0.7518,666,,0,0,26.846,1000,0.2895189320398416,0.0881227567628195,0.29132378005589565,0.3794465368187152,0.0007711432573205331,1000,20000,0.02555,0.2856,540.2404,718,5.13185,242,20000,295.5,39,39.0,39,0.006258335241899398,
exp5_qwen_sem_minimal,3b,allc,,0.008,0.2678,5000,1.0,0.2678,1.0,0.59735,0.22977266482329878,0.59735,851,,0,0,16.106,1000,0.2634170227526519,0.16341933520915516,0.23663092697687388,0.40005026218602907,0.0,1000,20000,0.02975,0.59735,576.146,747,10.0,323,20000,295.5,39,39.0,39,0.007266049648880745,
exp5_qwen_sem_minimal,3b,tft,,0.0,0.381,5000,0.7522,0.381,1.0,0.73465,0.20600212984335864,0.73465,631,,0,0,26.066,1000,0.30030515233337157,0.10471242887121873,0.2942774153560948,0.39898984422731354,0.0,1000,20000,0.02885,0.30355,566.0226,743,10.0,301,20000,295.5,39,39.0,39,0.006514359331507589,
sweep,1,allc,,0.01,0.2,8000,0.998625,0.2,1.0,0.305375,0.24002444536963313,0.305375,1206,,,0,27.785,1600,0.552427921704591,0.6952948002423237,0.3036814013982946,0.9989762016406183,0.9965995463588806,1600,32000,0.0,0.305375,,,,,,256.75,,,,0.006000611134240828,
sweep,1,tft,,0.01625,0.2,8000,0.982625,0.2,1.0,0.30534375,0.2283593808800889,0.30534375,1216,,,0,9.725625,1600,0.5270875379683362,0.6913765121831582,0.3076477507337468,0.9990242629169049,0.9967118286804406,1600,32000,0.0,0.69159375,,,,,,256.75,,,,0.005708984522002222,
sweep,3,allc,,0.31125,0.3075,8000,0.845875,0.461625,1.0,0.08034375,0.09612592957125304,0.08034375,453,,,0,36.78625,1600,0.8444704692692083,0.9214880360713411,0.07816066271060534,0.9996486987819464,0.9990239945043997,1600,32000,0.0,0.08034375,,,0.0,,,288.7,32,31.95,31,0.002403148239281326,
sweep,3,tft,,0.31625,0.243625,8000,0.840375,0.40325,1.0,0.09678125,0.13155541474389223,0.09678125,520,,,0,4.021875,1600,0.8160504934070343,0.9015069477610759,0.09812562960605506,0.999632577367131,0.9990188633696127,1600,32000,0.0,0.86853125,,,0.0,,,288.7,32,31.95,31,0.003288885368597306,
sweep,3b,allc,,0.58125,0.0,8000,0.8,0.2,1.0,0.0383125,0.0689494549924073,0.0383125,226,,,0,38.4675,1600,0.924612920261915,0.9619052705677579,0.037734252163700334,0.9996395227314582,0.9984718818494185,1600,32000,0.0,0.0383125,,,16.95,,,288.7,32,31.95,31,0.0017237363748101825,
sweep,3b,tft,,0.570625,0.0,8000,0.79825,0.2,1.0,0.04428125,0.08689135974558979,0.04428125,247,,,0,2.82,1600,0.9132584583580151,0.9547729755939318,0.04485756467918758,0.9996305402731195,0.998696530288935,1600,32000,0.0,0.91334375,,,16.95,,,288.7,32,31.95,31,0.002172283993639745,
